{"WidgetInstances":"[{\"Title\":\"MyFirstReactComponent instance\",\"SiteId\":\"{SiteId}\",\"WidgetName\":\"MyFirstReactComponent\",\"WidgetInstanceId\":\"745560f4-2a1c-e5e6-8915-36047a8cf645\",\"WidgetProperties\":\"{\\\"widgetframework\\\":\\\"react\\\",\\\"mycustomprop\\\":\\\"testvalue\\\",\\\"displaytemplateurl\\\":\\\"/Style%20Library/DigitalWorkPlace/Content/Templates/MyFirstReactComponent/default.html\\\"}\",\"WidgetDescription\":\"MyFirstReactComponent instance description\",\"WidgetIcon\":\"/Images/widget-icons/GenericList.png\",\"WidgetOptions\":\"{\\\"hiddenfields\\\":[],\\\"availableviews\\\":[\\\"/Style%20Library/DigitalWorkPlace/Content/Templates/MyFirstReactComponent/default.html\\\"],\\\"availablechoicefields\\\":[]}\"}]"}