{"WidgetName":"MyFirstReactComponent","WidgetCompatibleVersion":"4.1.0.0","WidgetVersion":"","WidgetDefinition":"{\"Title\":\"MyFirstReactComponent\",\"WidgetName\":\"MyFirstReactComponent\",\"WidgetClass\":\"MyClient.Widgets.MyFirstReactComponent\",\"WidgetIcon\":\"\",\"WidgetDescription\":\"\",\"WidgetProperties\":\"[{\\\"name\\\":\\\"widgetframework\\\",\\\"friendlyname\\\":\\\"widgetframework\\\",\\\"value\\\":\\\"react\\\",\\\"type\\\":\\\"string\\\"},{\\\"name\\\":\\\"mycustomprop\\\",\\\"friendlyname\\\":\\\"mycustomprop\\\",\\\"value\\\":\\\"testvalue\\\",\\\"type\\\":\\\"string\\\"},{\\\"name\\\":\\\"displaytemplateurl\\\",\\\"friendlyname\\\":\\\"displaytemplateurl\\\",\\\"value\\\":\\\"\\\",\\\"type\\\":\\\"string\\\"}]\",\"WidgetViews\":null,\"IsSystemShipped\":true,\"IsModified\":false,\"WidgetJS\":\"[{\\\"Name\\\":\\\"Default\\\",\\\"WidgetFileUrl\\\":\\\"/Style%20Library/DigitalWorkPlace/JS/widgets/myfirstreactcomponent.js\\\"}]\",\"WidgetCSS\":\"\",\"WidgetVersion\":\"\",\"WidgetContentTypes\":\"[]\"}"}